,merged_pull_requests,total_releases,total_closed_issues
mean,3244.0,85.6,4411.9
std,5154.1730449974,97.92082969873616,6300.865768553821
min,200.0,0.0,0.0
max,16733.0,309.0,18555.0
